582449,active
651936,active
788456,active
827004,active
895439,active
912604,active
1090944,active
1093376,active
1286771,active
1307930,active
1438801,active
1451140,active
2089978,active
2090286,active
2201551,active
2953906,active
4896559,active
12897,inactive
63204,inactive
253834,inactive
647970,inactive
648002,inactive
650164,inactive
650250,inactive
659095,inactive
685693,inactive
709529,inactive
715687,inactive
754514,inactive
766691,inactive
776712,inactive
798516,inactive
828558,inactive
833492,inactive
873752,inactive
892616,inactive
960579,inactive
970375,inactive
976329,inactive
976363,inactive
1088427,inactive
1092897,inactive
1261055,inactive
1290156,inactive
1417861,inactive
1428872,inactive
1556792,inactive
1862698,inactive
2100448,inactive
2120212,inactive
2126283,inactive
2140154,inactive
2338042,inactive
2458939,inactive
2553973,inactive
2830411,inactive
2887357,inactive
2920584,inactive
2982379,inactive
2984196,inactive
3137359,inactive
3155737,inactive
3210027,inactive
3367773,inactive
3586641,inactive
3659919,inactive
3697967,inactive
3710007,inactive
4885397,inactive
6292469,inactive
9549115,inactive
9549628,inactive
9550955,inactive
9551066,inactive
9551290,inactive
9551738,inactive
